{"class_map": {"valid": [{"class": "package", "map@50:95": 0.830825542722764, "map@50": 0.9631906958531669, "precision": 0.9696969696969697, "recall": 0.9400000000000001}, {"class": "all", "map@50:95": 0.830825542722764, "map@50": 0.9631906958531669, "precision": 0.9696969696969697, "recall": 0.9400000000000001}], "test": [{"class": "package", "map@50:95": 0.8834876647934764, "map@50": 0.9596793405970956, "precision": 0.9402985074626866, "recall": 0.92}, {"class": "all", "map@50:95": 0.8834876647934764, "map@50": 0.9596793405970956, "precision": 0.9402985074626866, "recall": 0.92}]}, "map": 0.9631906958531669, "precision": 0.9696969696969697, "recall": 0.9400000000000001}